{
    "results": {
        "tool": {
            "name": "pytest",
            "version": "8.4.1"
        },
        "summary": {
            "tests": 2,
            "passed": 2,
            "failed": 0,
            "skipped": 0,
            "pending": 0,
            "other": 0,
            "start": 1778205106.943739,
            "stop": 1778205107.0015569
        },
        "tests": [
            {
                "name": "test_final_state.py::test_server_js_exists",
                "status": "passed",
                "duration": 0.00035820703487843275,
                "start": 1778205106.9489202,
                "stop": 1778205106.9494355,
                "retries": 0,
                "file_path": "test_final_state.py"
            },
            {
                "name": "test_final_state.py::test_task_api_full_crud",
                "status": "passed",
                "duration": 0.051513147074729204,
                "start": 1778205106.9495096,
                "stop": 1778205107.0013192,
                "retries": 0,
                "file_path": "test_final_state.py"
            }
        ]
    }
}