{
    "results": {
        "tool": {
            "name": "pytest",
            "version": "8.4.1"
        },
        "summary": {
            "tests": 2,
            "passed": 2,
            "failed": 0,
            "skipped": 0,
            "pending": 0,
            "other": 0,
            "start": 1775012832.0030773,
            "stop": 1775012968.9370394
        },
        "tests": [
            {
                "name": "test_final_state.py::test_files_exist",
                "status": "passed",
                "duration": 0.00020251700152584817,
                "start": 1775012832.0062108,
                "stop": 1775012832.0065203,
                "retries": 0,
                "file_path": "test_final_state.py"
            },
            {
                "name": "test_final_state.py::test_browser_verification",
                "status": "passed",
                "duration": 136.92975389599997,
                "start": 1775012832.0066142,
                "stop": 1775012968.9366863,
                "retries": 0,
                "file_path": "test_final_state.py"
            }
        ]
    }
}