{
    "results": {
        "tool": {
            "name": "pytest",
            "version": "8.4.1"
        },
        "summary": {
            "tests": 2,
            "passed": 2,
            "failed": 0,
            "skipped": 0,
            "pending": 0,
            "other": 0,
            "start": 1775007091.5814238,
            "stop": 1775007266.6680703
        },
        "tests": [
            {
                "name": "test_final_state.py::test_files_exist",
                "status": "passed",
                "duration": 0.00020795700038434006,
                "start": 1775007091.5867712,
                "stop": 1775007091.5870814,
                "retries": 0,
                "file_path": "test_final_state.py"
            },
            {
                "name": "test_final_state.py::test_browser_verification",
                "status": "passed",
                "duration": 175.08022356799938,
                "start": 1775007091.5871782,
                "stop": 1775007266.6676426,
                "retries": 0,
                "file_path": "test_final_state.py"
            }
        ]
    }
}